<sources>
    <programs>
        <default pathversion="1"></default>
    </programs>
    <video>
        <default pathversion="1"></default>
    </video>
    <music>
        <default pathversion="1"></default>
    </music>
    <pictures>
        <default pathversion="1"></default>
    </pictures>
    <files>
        <default pathversion="1"></default>
        <source>
            <name>192.168.178.1</name>
            <path pathversion="1">smb://192.168.178.1/</path>
            <allowsharing>true</allowsharing>
        </source>
        <source>
            <name>webdav</name>
            <path pathversion="1">davs://magentacloud.de:443/remote.php/webdav/</path>
            <allowsharing>true</allowsharing>
        </source>
    </files>
    <games>
        <default pathversion="1"></default>
    </games>
</sources>
